Number Of Key;Time Get
100000;3.49571
200000;6.83805
300000;10.2215
400000;13.5263
500000;16.8626
600000;20.2932
700000;23.7688
800000;27.3226
900000;30.9439
1000000;34.5781
1100000;38.0803
1200000;41.6592
1300000;45.2797
1400000;48.8745
1500000;52.4652
1600000;56.092
1700000;59.6861
1800000;63.2573
1900000;66.8719
2000000;70.5077
2100000;74.1092
2200000;77.713
2300000;81.3631
2400000;84.9383
2500000;88.6029
2600000;92.3117
2700000;96.0251
2800000;99.7483
2900000;103.382
3000000;107.011
